{"counters":{"http_requests_total":{"method=GET|path=/install|status=200|tenant=default":9,"method=POST|path=/install|status=302|tenant=default":8,"method=GET|path=/install/requirements|status=200|tenant=default":8,"method=POST|path=/install/requirements|status=302|tenant=default":8,"method=GET|path=/install/baseurl|status=200|tenant=default":8,"method=POST|path=/install/baseurl|status=302|tenant=default":8,"method=GET|path=/install/security|status=200|tenant=default":8,"method=POST|path=/install/security|status=302|tenant=default":8,"method=GET|path=/install/database|status=200|tenant=default":8,"method=POST|path=/install/database|status=302|tenant=default":8,"method=GET|path=/install/mail|status=200|tenant=default":8,"method=POST|path=/install/mail|status=302|tenant=default":8,"method=GET|path=/install/finish|status=200|tenant=default":8,"method=POST|path=/install/finish|status=302|tenant=default":8,"method=GET|path=/|status=200|tenant=default":50,"method=GET|path=/Ejemplo|status=200|tenant=default":25,"method=GET|path=/install|status=302|tenant=default":2,"method=GET|path=/funciones|status=200|tenant=default":204,"method=POST|path=/funciones/inicio/login|status=302|tenant=default":3,"method=GET|path=/funciones/inicio/logout|status=302|tenant=default":1,"method=POST|path=/funciones/archivos/obt_files|status=200|tenant=default":302,"method=GET|path=/funciones/archivos/obt_files|status=200|tenant=default":4,"method=POST|path=/funciones/Home/login|status=302|tenant=default":2,"method=POST|path=/funciones/archivos/crear_file|status=200|tenant=default":14,"method=POST|path=/funciones/archivos/deleteFile|status=200|tenant=default":20,"method=POST|path=/funciones/archivos/leer_archivo|status=200|tenant=default":12,"method=POST|path=/funciones/archivos/guardar_archivo|status=200|tenant=default":3,"method=GET|path=/funciones/archivos/preview|status=200|tenant=default":7,"method=GET|path=/funciones/archivos/get_upload_limits|status=200|tenant=default":4,"method=POST|path=/funciones/archivos/uploadfile|status=200|tenant=default":5,"method=GET|path=/ejemplo|status=200|tenant=default":6,"method=GET|path=/Ejemplo|status=500|tenant=default":2,"method=GET|path=/Ejemplo|status=409|tenant=default":4}},"hist":{"http_request_duration_seconds":{"method=GET|path=/install|tenant=default":{"count":11,"sum":0.10950994491577148,"buckets":{"0.05":11,"0.1":11,"0.25":11,"0.5":11,"1":11,"2.5":11,"5":11,"10":11,"+Inf":11}},"method=POST|path=/install|tenant=default":{"count":8,"sum":0.03390622138977051,"buckets":{"0.05":8,"0.1":8,"0.25":8,"0.5":8,"1":8,"2.5":8,"5":8,"10":8,"+Inf":8}},"method=GET|path=/install/requirements|tenant=default":{"count":8,"sum":0.051339149475097656,"buckets":{"0.05":8,"0.1":8,"0.25":8,"0.5":8,"1":8,"2.5":8,"5":8,"10":8,"+Inf":8}},"method=POST|path=/install/requirements|tenant=default":{"count":8,"sum":0.03811955451965332,"buckets":{"0.05":8,"0.1":8,"0.25":8,"0.5":8,"1":8,"2.5":8,"5":8,"10":8,"+Inf":8}},"method=GET|path=/install/baseurl|tenant=default":{"count":8,"sum":0.051500797271728516,"buckets":{"0.05":8,"0.1":8,"0.25":8,"0.5":8,"1":8,"2.5":8,"5":8,"10":8,"+Inf":8}},"method=POST|path=/install/baseurl|tenant=default":{"count":8,"sum":0.0317533016204834,"buckets":{"0.05":8,"0.1":8,"0.25":8,"0.5":8,"1":8,"2.5":8,"5":8,"10":8,"+Inf":8}},"method=GET|path=/install/security|tenant=default":{"count":8,"sum":0.06954693794250488,"buckets":{"0.05":8,"0.1":8,"0.25":8,"0.5":8,"1":8,"2.5":8,"5":8,"10":8,"+Inf":8}},"method=POST|path=/install/security|tenant=default":{"count":8,"sum":0.03162384033203125,"buckets":{"0.05":8,"0.1":8,"0.25":8,"0.5":8,"1":8,"2.5":8,"5":8,"10":8,"+Inf":8}},"method=GET|path=/install/database|tenant=default":{"count":8,"sum":0.042021751403808594,"buckets":{"0.05":8,"0.1":8,"0.25":8,"0.5":8,"1":8,"2.5":8,"5":8,"10":8,"+Inf":8}},"method=POST|path=/install/database|tenant=default":{"count":8,"sum":0.030398845672607422,"buckets":{"0.05":8,"0.1":8,"0.25":8,"0.5":8,"1":8,"2.5":8,"5":8,"10":8,"+Inf":8}},"method=GET|path=/install/mail|tenant=default":{"count":8,"sum":0.03664135932922363,"buckets":{"0.05":8,"0.1":8,"0.25":8,"0.5":8,"1":8,"2.5":8,"5":8,"10":8,"+Inf":8}},"method=POST|path=/install/mail|tenant=default":{"count":8,"sum":0.03566575050354004,"buckets":{"0.05":8,"0.1":8,"0.25":8,"0.5":8,"1":8,"2.5":8,"5":8,"10":8,"+Inf":8}},"method=GET|path=/install/finish|tenant=default":{"count":8,"sum":0.04466962814331055,"buckets":{"0.05":8,"0.1":8,"0.25":8,"0.5":8,"1":8,"2.5":8,"5":8,"10":8,"+Inf":8}},"method=POST|path=/install/finish|tenant=default":{"count":8,"sum":0.06663751602172852,"buckets":{"0.05":8,"0.1":8,"0.25":8,"0.5":8,"1":8,"2.5":8,"5":8,"10":8,"+Inf":8}},"method=GET|path=/|tenant=default":{"count":50,"sum":0.681495189666748,"buckets":{"0.05":49,"0.1":50,"0.25":50,"0.5":50,"1":50,"2.5":50,"5":50,"10":50,"+Inf":50}},"method=GET|path=/Ejemplo|tenant=default":{"count":31,"sum":0.47945594787597656,"buckets":{"0.05":30,"0.1":31,"0.25":31,"0.5":31,"1":31,"2.5":31,"5":31,"10":31,"+Inf":31}},"method=GET|path=/funciones|tenant=default":{"count":204,"sum":3.202747344970703,"buckets":{"0.05":198,"0.1":204,"0.25":204,"0.5":204,"1":204,"2.5":204,"5":204,"10":204,"+Inf":204}},"method=POST|path=/funciones/inicio/login|tenant=default":{"count":3,"sum":0.32731032371520996,"buckets":{"0.05":0,"0.1":0,"0.25":3,"0.5":3,"1":3,"2.5":3,"5":3,"10":3,"+Inf":3}},"method=GET|path=/funciones/inicio/logout|tenant=default":{"count":1,"sum":0.003896951675415039,"buckets":{"0.05":1,"0.1":1,"0.25":1,"0.5":1,"1":1,"2.5":1,"5":1,"10":1,"+Inf":1}},"method=POST|path=/funciones/archivos/obt_files|tenant=default":{"count":302,"sum":7.108010530471802,"buckets":{"0.05":293,"0.1":301,"0.25":301,"0.5":301,"1":302,"2.5":302,"5":302,"10":302,"+Inf":302}},"method=GET|path=/funciones/archivos/obt_files|tenant=default":{"count":4,"sum":0.0051729679107666016,"buckets":{"0.05":4,"0.1":4,"0.25":4,"0.5":4,"1":4,"2.5":4,"5":4,"10":4,"+Inf":4}},"method=POST|path=/funciones/Home/login|tenant=default":{"count":2,"sum":0.17393183708190918,"buckets":{"0.05":0,"0.1":1,"0.25":2,"0.5":2,"1":2,"2.5":2,"5":2,"10":2,"+Inf":2}},"method=POST|path=/funciones/archivos/crear_file|tenant=default":{"count":14,"sum":0.24486446380615234,"buckets":{"0.05":14,"0.1":14,"0.25":14,"0.5":14,"1":14,"2.5":14,"5":14,"10":14,"+Inf":14}},"method=POST|path=/funciones/archivos/deleteFile|tenant=default":{"count":20,"sum":0.3047604560852051,"buckets":{"0.05":20,"0.1":20,"0.25":20,"0.5":20,"1":20,"2.5":20,"5":20,"10":20,"+Inf":20}},"method=POST|path=/funciones/archivos/leer_archivo|tenant=default":{"count":12,"sum":0.2319197654724121,"buckets":{"0.05":12,"0.1":12,"0.25":12,"0.5":12,"1":12,"2.5":12,"5":12,"10":12,"+Inf":12}},"method=POST|path=/funciones/archivos/guardar_archivo|tenant=default":{"count":3,"sum":0.13720107078552246,"buckets":{"0.05":2,"0.1":2,"0.25":3,"0.5":3,"1":3,"2.5":3,"5":3,"10":3,"+Inf":3}},"method=GET|path=/funciones/archivos/preview|tenant=default":{"count":7,"sum":0.0894618034362793,"buckets":{"0.05":7,"0.1":7,"0.25":7,"0.5":7,"1":7,"2.5":7,"5":7,"10":7,"+Inf":7}},"method=GET|path=/funciones/archivos/get_upload_limits|tenant=default":{"count":4,"sum":0.05421733856201172,"buckets":{"0.05":4,"0.1":4,"0.25":4,"0.5":4,"1":4,"2.5":4,"5":4,"10":4,"+Inf":4}},"method=POST|path=/funciones/archivos/uploadfile|tenant=default":{"count":5,"sum":0.08788275718688965,"buckets":{"0.05":5,"0.1":5,"0.25":5,"0.5":5,"1":5,"2.5":5,"5":5,"10":5,"+Inf":5}},"method=GET|path=/ejemplo|tenant=default":{"count":6,"sum":0.13086819648742676,"buckets":{"0.05":6,"0.1":6,"0.25":6,"0.5":6,"1":6,"2.5":6,"5":6,"10":6,"+Inf":6}}}}}