{"counters":{"http_requests_total":{"method=GET|path=/install|status=200|tenant=default":9,"method=POST|path=/install|status=302|tenant=default":8,"method=GET|path=/install/requirements|status=200|tenant=default":8,"method=POST|path=/install/requirements|status=302|tenant=default":8,"method=GET|path=/install/baseurl|status=200|tenant=default":8,"method=POST|path=/install/baseurl|status=302|tenant=default":8,"method=GET|path=/install/security|status=200|tenant=default":8,"method=POST|path=/install/security|status=302|tenant=default":8,"method=GET|path=/install/database|status=200|tenant=default":8,"method=POST|path=/install/database|status=302|tenant=default":8,"method=GET|path=/install/mail|status=200|tenant=default":8,"method=POST|path=/install/mail|status=302|tenant=default":8,"method=GET|path=/install/finish|status=200|tenant=default":8,"method=POST|path=/install/finish|status=302|tenant=default":8,"method=GET|path=/|status=200|tenant=default":88,"method=GET|path=/Ejemplo|status=200|tenant=default":251,"method=GET|path=/install|status=302|tenant=default":2,"method=GET|path=/funciones|status=200|tenant=default":211,"method=POST|path=/funciones/inicio/login|status=302|tenant=default":3,"method=GET|path=/funciones/inicio/logout|status=302|tenant=default":1,"method=POST|path=/funciones/archivos/obt_files|status=200|tenant=default":358,"method=GET|path=/funciones/archivos/obt_files|status=200|tenant=default":4,"method=POST|path=/funciones/Home/login|status=302|tenant=default":7,"method=POST|path=/funciones/archivos/crear_file|status=200|tenant=default":16,"method=POST|path=/funciones/archivos/deleteFile|status=200|tenant=default":30,"method=POST|path=/funciones/archivos/leer_archivo|status=200|tenant=default":12,"method=POST|path=/funciones/archivos/guardar_archivo|status=200|tenant=default":3,"method=GET|path=/funciones/archivos/preview|status=200|tenant=default":7,"method=GET|path=/funciones/archivos/get_upload_limits|status=200|tenant=default":7,"method=POST|path=/funciones/archivos/uploadfile|status=200|tenant=default":11,"method=GET|path=/ejemplo|status=200|tenant=default":8,"method=GET|path=/Ejemplo|status=500|tenant=default":2,"method=GET|path=/Ejemplo|status=409|tenant=default":10,"method=GET|path=/funciones/Home/auto|status=200|tenant=default":24,"method=POST|path=/funciones/modales/formularios|status=404|tenant=default":7,"method=POST|path=/funciones/modales/formularios|status=200|tenant=default":74,"method=GET|path=/funciones/crud/index|status=200|tenant=default":2,"method=POST|path=/funciones/crud/registrar|status=200|tenant=default":93,"method=GET|path=/funciones/crud/dbinfo|status=200|tenant=default":1,"method=POST|path=/funciones/crud/borrar|status=200|tenant=default":34,"method=GET|path=/debug/doctor|status=200|tenant=default":17}},"hist":{"http_request_duration_seconds":{"method=GET|path=/install|tenant=default":{"count":11,"sum":0.10950994491577148,"buckets":{"0.05":11,"0.1":11,"0.25":11,"0.5":11,"1":11,"2.5":11,"5":11,"10":11,"+Inf":11}},"method=POST|path=/install|tenant=default":{"count":8,"sum":0.03390622138977051,"buckets":{"0.05":8,"0.1":8,"0.25":8,"0.5":8,"1":8,"2.5":8,"5":8,"10":8,"+Inf":8}},"method=GET|path=/install/requirements|tenant=default":{"count":8,"sum":0.051339149475097656,"buckets":{"0.05":8,"0.1":8,"0.25":8,"0.5":8,"1":8,"2.5":8,"5":8,"10":8,"+Inf":8}},"method=POST|path=/install/requirements|tenant=default":{"count":8,"sum":0.03811955451965332,"buckets":{"0.05":8,"0.1":8,"0.25":8,"0.5":8,"1":8,"2.5":8,"5":8,"10":8,"+Inf":8}},"method=GET|path=/install/baseurl|tenant=default":{"count":8,"sum":0.051500797271728516,"buckets":{"0.05":8,"0.1":8,"0.25":8,"0.5":8,"1":8,"2.5":8,"5":8,"10":8,"+Inf":8}},"method=POST|path=/install/baseurl|tenant=default":{"count":8,"sum":0.0317533016204834,"buckets":{"0.05":8,"0.1":8,"0.25":8,"0.5":8,"1":8,"2.5":8,"5":8,"10":8,"+Inf":8}},"method=GET|path=/install/security|tenant=default":{"count":8,"sum":0.06954693794250488,"buckets":{"0.05":8,"0.1":8,"0.25":8,"0.5":8,"1":8,"2.5":8,"5":8,"10":8,"+Inf":8}},"method=POST|path=/install/security|tenant=default":{"count":8,"sum":0.03162384033203125,"buckets":{"0.05":8,"0.1":8,"0.25":8,"0.5":8,"1":8,"2.5":8,"5":8,"10":8,"+Inf":8}},"method=GET|path=/install/database|tenant=default":{"count":8,"sum":0.042021751403808594,"buckets":{"0.05":8,"0.1":8,"0.25":8,"0.5":8,"1":8,"2.5":8,"5":8,"10":8,"+Inf":8}},"method=POST|path=/install/database|tenant=default":{"count":8,"sum":0.030398845672607422,"buckets":{"0.05":8,"0.1":8,"0.25":8,"0.5":8,"1":8,"2.5":8,"5":8,"10":8,"+Inf":8}},"method=GET|path=/install/mail|tenant=default":{"count":8,"sum":0.03664135932922363,"buckets":{"0.05":8,"0.1":8,"0.25":8,"0.5":8,"1":8,"2.5":8,"5":8,"10":8,"+Inf":8}},"method=POST|path=/install/mail|tenant=default":{"count":8,"sum":0.03566575050354004,"buckets":{"0.05":8,"0.1":8,"0.25":8,"0.5":8,"1":8,"2.5":8,"5":8,"10":8,"+Inf":8}},"method=GET|path=/install/finish|tenant=default":{"count":8,"sum":0.04466962814331055,"buckets":{"0.05":8,"0.1":8,"0.25":8,"0.5":8,"1":8,"2.5":8,"5":8,"10":8,"+Inf":8}},"method=POST|path=/install/finish|tenant=default":{"count":8,"sum":0.06663751602172852,"buckets":{"0.05":8,"0.1":8,"0.25":8,"0.5":8,"1":8,"2.5":8,"5":8,"10":8,"+Inf":8}},"method=GET|path=/|tenant=default":{"count":88,"sum":0.9721970558166504,"buckets":{"0.05":86,"0.1":88,"0.25":88,"0.5":88,"1":88,"2.5":88,"5":88,"10":88,"+Inf":88}},"method=GET|path=/Ejemplo|tenant=default":{"count":263,"sum":16.825319290161133,"buckets":{"0.05":148,"0.1":198,"0.25":261,"0.5":263,"1":263,"2.5":263,"5":263,"10":263,"+Inf":263}},"method=GET|path=/funciones|tenant=default":{"count":211,"sum":3.2684144973754883,"buckets":{"0.05":205,"0.1":211,"0.25":211,"0.5":211,"1":211,"2.5":211,"5":211,"10":211,"+Inf":211}},"method=POST|path=/funciones/inicio/login|tenant=default":{"count":3,"sum":0.32731032371520996,"buckets":{"0.05":0,"0.1":0,"0.25":3,"0.5":3,"1":3,"2.5":3,"5":3,"10":3,"+Inf":3}},"method=GET|path=/funciones/inicio/logout|tenant=default":{"count":1,"sum":0.003896951675415039,"buckets":{"0.05":1,"0.1":1,"0.25":1,"0.5":1,"1":1,"2.5":1,"5":1,"10":1,"+Inf":1}},"method=POST|path=/funciones/archivos/obt_files|tenant=default":{"count":358,"sum":7.54093861579895,"buckets":{"0.05":349,"0.1":357,"0.25":357,"0.5":357,"1":358,"2.5":358,"5":358,"10":358,"+Inf":358}},"method=GET|path=/funciones/archivos/obt_files|tenant=default":{"count":4,"sum":0.0051729679107666016,"buckets":{"0.05":4,"0.1":4,"0.25":4,"0.5":4,"1":4,"2.5":4,"5":4,"10":4,"+Inf":4}},"method=POST|path=/funciones/Home/login|tenant=default":{"count":7,"sum":0.49756479263305664,"buckets":{"0.05":0,"0.1":5,"0.25":7,"0.5":7,"1":7,"2.5":7,"5":7,"10":7,"+Inf":7}},"method=POST|path=/funciones/archivos/crear_file|tenant=default":{"count":16,"sum":1.0184156894683838,"buckets":{"0.05":15,"0.1":15,"0.25":15,"0.5":15,"1":16,"2.5":16,"5":16,"10":16,"+Inf":16}},"method=POST|path=/funciones/archivos/deleteFile|tenant=default":{"count":30,"sum":0.6965088844299316,"buckets":{"0.05":28,"0.1":29,"0.25":30,"0.5":30,"1":30,"2.5":30,"5":30,"10":30,"+Inf":30}},"method=POST|path=/funciones/archivos/leer_archivo|tenant=default":{"count":12,"sum":0.2319197654724121,"buckets":{"0.05":12,"0.1":12,"0.25":12,"0.5":12,"1":12,"2.5":12,"5":12,"10":12,"+Inf":12}},"method=POST|path=/funciones/archivos/guardar_archivo|tenant=default":{"count":3,"sum":0.13720107078552246,"buckets":{"0.05":2,"0.1":2,"0.25":3,"0.5":3,"1":3,"2.5":3,"5":3,"10":3,"+Inf":3}},"method=GET|path=/funciones/archivos/preview|tenant=default":{"count":7,"sum":0.0894618034362793,"buckets":{"0.05":7,"0.1":7,"0.25":7,"0.5":7,"1":7,"2.5":7,"5":7,"10":7,"+Inf":7}},"method=GET|path=/funciones/archivos/get_upload_limits|tenant=default":{"count":7,"sum":0.055901527404785156,"buckets":{"0.05":7,"0.1":7,"0.25":7,"0.5":7,"1":7,"2.5":7,"5":7,"10":7,"+Inf":7}},"method=POST|path=/funciones/archivos/uploadfile|tenant=default":{"count":11,"sum":0.10094189643859863,"buckets":{"0.05":11,"0.1":11,"0.25":11,"0.5":11,"1":11,"2.5":11,"5":11,"10":11,"+Inf":11}},"method=GET|path=/ejemplo|tenant=default":{"count":8,"sum":0.5116112232208252,"buckets":{"0.05":6,"0.1":6,"0.25":8,"0.5":8,"1":8,"2.5":8,"5":8,"10":8,"+Inf":8}},"method=GET|path=/funciones/Home/auto|tenant=default":{"count":24,"sum":0.239121675491333,"buckets":{"0.05":23,"0.1":24,"0.25":24,"0.5":24,"1":24,"2.5":24,"5":24,"10":24,"+Inf":24}},"method=POST|path=/funciones/modales/formularios|tenant=default":{"count":81,"sum":2.194840431213379,"buckets":{"0.05":73,"0.1":80,"0.25":81,"0.5":81,"1":81,"2.5":81,"5":81,"10":81,"+Inf":81}},"method=GET|path=/funciones/crud/index|tenant=default":{"count":2,"sum":0.04668092727661133,"buckets":{"0.05":2,"0.1":2,"0.25":2,"0.5":2,"1":2,"2.5":2,"5":2,"10":2,"+Inf":2}},"method=POST|path=/funciones/crud/registrar|tenant=default":{"count":93,"sum":8.345346927642822,"buckets":{"0.05":16,"0.1":62,"0.25":93,"0.5":93,"1":93,"2.5":93,"5":93,"10":93,"+Inf":93}},"method=GET|path=/funciones/crud/dbinfo|tenant=default":{"count":1,"sum":0.013643980026245117,"buckets":{"0.05":1,"0.1":1,"0.25":1,"0.5":1,"1":1,"2.5":1,"5":1,"10":1,"+Inf":1}},"method=POST|path=/funciones/crud/borrar|tenant=default":{"count":34,"sum":0.9282565116882324,"buckets":{"0.05":30,"0.1":34,"0.25":34,"0.5":34,"1":34,"2.5":34,"5":34,"10":34,"+Inf":34}},"method=GET|path=/debug/doctor|tenant=default":{"count":17,"sum":0.14692115783691406,"buckets":{"0.05":17,"0.1":17,"0.25":17,"0.5":17,"1":17,"2.5":17,"5":17,"10":17,"+Inf":17}}}}}