{
  "sections": [
    {
      "title": "Inicio",
      "items": [
        {
          "label": "Portada",
          "href": "index.html"
        },
        {
          "label": "Quickstart",
          "href": "quickstart.html"
        },
        {
          "label": "Guía profesional",
          "href": "pro-guide.html"
        },
        {
          "label": "Instalación",
          "href": "installation.html"
        },
        {
          "label": "Estructura del proyecto",
          "href": "project-structure.html"
        },
        {
          "label": "Arquitectura",
          "href": "architecture.html"
        },
        {
          "label": "Conceptos del core",
          "href": "concepts.html"
        },
        {
          "label": "Catálogo del Core (system/)",
          "href": "system-catalog.html"
        },
        {
          "label": "Catálogo de servicios",
          "href": "services-catalog.html"
        },
        {
          "label": "Auditoría de cobertura",
          "href": "audit-coverage.html"
        }
      ]
    },
    {
      "title": "Configuración",
      "items": [
        {
          "label": "Visión general",
          "href": "config.html"
        },
        {
          "label": "Con .env",
          "href": "config-env.html"
        },
        {
          "label": "Sin .env",
          "href": "config-sin-env.html"
        },
        {
          "label": "Por tenant (multi-empresa)",
          "href": "config-tenant.html"
        },
        {
          "label": "Tenancy (multi-empresa)",
          "href": "tenancy.html"
        }
      ]
    },
    {
      "title": "Web (SSR)",
      "items": [
        {
          "label": "Routing",
          "href": "http-routing.html"
        },
        {
          "label": "Controllers",
          "href": "controllers.html"
        },
        {
          "label": "Vistas y layouts",
          "href": "views.html"
        },
        {
          "label": "Filtros",
          "href": "filters.html"
        },
        {
          "label": "CSRF",
          "href": "security-csrf.html"
        },
        {
          "label": "Archivos: subida y descarga",
          "href": "files.html"
        },
        {
          "label": "I18n",
          "href": "i18n.html"
        }
      ]
    },
    {
      "title": "API (JSON)",
      "items": [
        {
          "label": "Request",
          "href": "http-request.html"
        },
        {
          "label": "Response",
          "href": "http-response.html"
        },
        {
          "label": "Salida y perfiles (q_out)",
          "href": "output.html"
        },
        {
          "label": "DbResult y Actions",
          "href": "dbresult-actions.html"
        },
        {
          "label": "Errores y excepciones",
          "href": "errors.html"
        },
        {
          "label": "API Tokens",
          "href": "security-api-tokens.html"
        },
        {
          "label": "Rate limiting",
          "href": "security-rate-limit.html"
        }
      ]
    },
    {
      "title": "Datos",
      "items": [
        {
          "label": "Base de datos",
          "href": "database.html"
        },
        {
          "label": "QueryBuilder",
          "href": "querybuilder.html"
        },
        {
          "label": "CRUD",
          "href": "crud.html"
        },
        {
          "label": "CRUD: ID, condiciones y opts",
          "href": "crud-opts.html"
        },
        {
          "label": "Schema",
          "href": "schema.html"
        },
        {
          "label": "Migrations",
          "href": "migrations.html"
        },
        {
          "label": "Seeds",
          "href": "seeds.html"
        },
        {
          "label": "Paginación",
          "href": "pagination.html"
        },
        {
          "label": "Presenter (Extras)",
          "href": "presenter.html"
        },
        {
          "label": "Modelado y presentación",
          "href": "data-shaping.html"
        },
        {
          "label": "Models",
          "href": "models.html"
        }
      ]
    },
    {
      "title": "Seguridad",
      "items": [
        {
          "label": "Autenticación",
          "href": "auth.html"
        },
        {
          "label": "CSRF",
          "href": "security-csrf.html"
        },
        {
          "label": "API Tokens",
          "href": "security-api-tokens.html"
        },
        {
          "label": "Rate limiting",
          "href": "security-rate-limit.html"
        },
        {
          "label": "Security headers",
          "href": "security-headers.html"
        },
        {
          "label": "CSP",
          "href": "security-csp.html"
        },
        {
          "label": "Security utils",
          "href": "core-security.html"
        },
        {
          "label": "IDs y Tokens",
          "href": "ids-tokens.html"
        }
      ]
    },
    {
      "title": "Extensibilidad",
      "items": [
        {
          "label": "Servicios",
          "href": "services.html"
        },
        {
          "label": "Providers & DI",
          "href": "providers-di.html"
        },
        {
          "label": "Events (Hooks)",
          "href": "events.html"
        },
        {
          "label": "Hooks",
          "href": "hooks.html"
        },
        {
          "label": "Hooks por módulo",
          "href": "hooks-modules.html"
        },
        {
          "label": "Módulos",
          "href": "modules.html"
        },
        {
          "label": "Módulos por tenant (runtime toggle)",
          "href": "modules-tenancy.html"
        },
        {
          "label": "Módulos, Plugins y Packages",
          "href": "modules-plugins.html"
        },
        {
          "label": "Desarrollar un módulo",
          "href": "modules-development.html"
        },
        {
          "label": "Helpers",
          "href": "helpers.html"
        },
        {
          "label": "Libraries",
          "href": "libraries.html"
        }
      ]
    },
    {
      "title": "Infra & Operación",
      "items": [
        {
          "label": "Cache",
          "href": "cache.html"
        },
        {
          "label": "Redis Cache",
          "href": "cache-redis.html"
        },
        {
          "label": "PairCode (TTL pairs)",
          "href": "cache-paircode.html"
        },
        {
          "label": "Session",
          "href": "session.html"
        },
        {
          "label": "Cookies",
          "href": "cookies.html"
        },
        {
          "label": "Cifrado",
          "href": "encryption.html"
        },
        {
          "label": "Correo",
          "href": "mail.html"
        },
        {
          "label": "Logging",
          "href": "logging.html"
        },
        {
          "label": "Observabilidad",
          "href": "observability.html"
        },
        {
          "label": "Tenancy",
          "href": "tenancy.html"
        },
        {
          "label": "CLI",
          "href": "cli.html"
        },
        {
          "label": "Testing",
          "href": "testing.html"
        },
        {
          "label": "Despliegue",
          "href": "deployment.html"
        },
        {
          "label": "Troubleshooting",
          "href": "troubleshooting.html"
        }
      ]
    },
    {
      "title": "Tutoriales y recetas",
      "items": [
        {
          "label": "Guía desde cero",
          "href": "getting-started.html"
        },
        {
          "label": "Primera ruta",
          "href": "first-route.html"
        },
        {
          "label": "Primer controller",
          "href": "first-controller.html"
        },
        {
          "label": "Primera vista",
          "href": "first-view.html"
        },
        {
          "label": "Base de datos (primeros pasos)",
          "href": "first-database.html"
        },
        {
          "label": "Tutorial CRUD",
          "href": "tutorial-crud.html"
        },
        {
          "label": "Tutorial Seguridad",
          "href": "tutorial-security.html"
        },
        {
          "label": "Tutorial Módulos",
          "href": "tutorial-modules.html"
        },
        {
          "label": "Proyecto completo: Blog",
          "href": "project-blog.html"
        },
        {
          "label": "Recetas",
          "href": "recipes.html"
        },
        {
          "label": "Receta: Filtros",
          "href": "recipe-filters.html"
        },
        {
          "label": "Ejemplos completos",
          "href": "examples.html"
        }
      ]
    },
    {
      "title": "Referencia",
      "items": [
        {
          "label": "API · index",
          "href": "api/index.html"
        },
        {
          "label": "API · Funciones globales",
          "href": "api/functions.html"
        },
        {
          "label": "API · Clases (índice profundo)",
          "href": "api/classes/index.html"
        }
      ]
    }
  ]
}